frame_number,time_s,x,y,x_offset
106,3.5,993,577,33.0
121,4.0,988,584,28.0
134,4.43,1040,630,80.0
148,4.9,1055,494,95.0
163,5.4,1026,577,66.0
180,5.97,972,558,12.0
199,6.6,934,547,-26.0
214,7.1,900,667,-60.0
234,7.77,864,602,-96.0
249,8.27,838,526,-122.0
265,8.8,890,392,-70.0
281,9.33,886,455,-74.0
296,9.83,890,558,-70.0
312,10.37,828,659,-132.0
333,11.07,754,655,-206.0
348,11.57,714,531,-246.0
367,12.2,702,518,-258.0
382,12.7,683,669,-277.0
400,13.3,603,489,-357.0
415,13.8,558,695,-402.0
430,14.3,638,669,-322.0
449,14.93,711,372,-249.0
469,15.6,793,528,-167.0
484,16.1,804,437,-156.0
503,16.73,805,625,-155.0
519,17.27,844,614,-116.0
536,17.83,811,551,-149.0
558,18.57,774,410,-186.0
577,19.2,688,438,-272.0
595,19.8,643,568,-317.0
617,20.53,725,415,-235.0
634,21.1,773,465,-187.0
649,21.6,882,548,-78.0
669,22.27,918,578,-42.0
689,22.93,931,574,-29.0
710,23.63,852,497,-108.0
729,24.27,834,553,-126.0
752,25.03,751,398,-209.0
770,25.63,722,81,-238.0
785,26.13,857,284,-103.0
803,26.73,903,391,-57.0
827,27.53,974,531,14.0
842,28.03,950,621,-10.0
872,29.03,905,363,-55.0
905,30.13,805,608,-155.0
931,31.0,807,438,-153.0
950,31.63,826,346,-134.0
975,32.47,933,279,-27.0
996,33.17,969,655,9.0
1015,33.8,969,238,9.0
1033,34.4,931,390,-29.0
1061,35.33,805,487,-155.0
1091,36.33,828,229,-132.0
1106,36.83,865,383,-95.0
1134,37.77,940,602,-20.0
1150,38.3,988,510,28.0
1176,39.17,990,391,30.0
1199,39.93,921,456,-39.0
1214,40.43,848,518,-112.0
1230,40.97,812,574,-148.0
1263,42.07,817,473,-143.0
1281,42.67,910,513,-50.0
1304,43.43,1026,651,66.0
1324,44.1,1045,573,85.0
1339,44.6,1014,727,54.0
1357,45.2,921,554,-39.0
1389,46.27,808,496,-152.0
1410,46.97,711,324,-249.0
1434,47.77,838,638,-122.0
1449,48.27,923,704,-37.0
1475,49.13,1003,575,43.0
1501,50.0,965,323,5.0
1522,50.7,886,524,-74.0
1558,51.9,794,444,-166.0
1575,52.47,807,497,-153.0
1594,53.1,882,344,-78.0
1609,53.6,980,537,20.0
1654,55.1,985,470,25.0
1684,56.1,851,469,-109.0
1699,56.6,831,570,-129.0
1714,57.1,805,313,-155.0
1729,57.6,794,478,-166.0
1764,58.77,962,434,2.0
1783,59.4,1067,251,107.0
1799,59.93,1044,547,84.0
1814,60.43,1009,545,49.0
1831,61.0,954,162,-6.0
1858,61.9,855,285,-105.0
1879,62.6,858,510,-102.0
1895,63.13,916,559,-44.0
1913,63.73,976,477,16.0
1955,65.13,1094,403,134.0
1979,65.93,1010,444,50.0
2014,67.1,914,120,-46.0
2029,67.6,796,585,-164.0
2053,68.4,831,455,-129.0
2069,68.93,903,546,-57.0
2089,69.6,1012,534,52.0
2116,70.5,966,428,6.0
2133,71.07,882,478,-78.0
2151,71.67,894,213,-66.0
2188,72.9,776,396,-184.0
2202,73.37,798,408,-162.0
2226,74.17,829,521,-131.0
2254,75.1,917,461,-43.0
2282,76.03,915,433,-45.0
2297,76.53,882,640,-78.0
2327,77.53,833,387,-127.0
2329,77.6,848,408,-112.0
2357,78.53,857,369,-103.0
2374,79.1,967,463,7.0
2389,79.6,1048,641,88.0
2405,80.13,1082,470,122.0
2424,80.77,1083,554,123.0
2439,81.27,1012,509,52.0
2460,81.97,886,488,-74.0
2476,82.5,936,547,-24.0
2505,83.47,903,381,-57.0
2521,84.0,1001,526,41.0
2539,84.6,1069,418,109.0
2554,85.1,1038,160,78.0
2575,85.8,1008,249,48.0
2593,86.4,932,199,-28.0
2626,87.5,854,199,-106.0
2644,88.1,844,421,-116.0
2664,88.77,782,298,-178.0
2690,89.63,877,461,-83.0
2707,90.2,957,378,-3.0
2725,90.8,935,513,-25.0
2749,91.6,937,610,-23.0
2764,92.1,908,634,-52.0
2783,92.73,800,325,-160.0
2804,93.43,787,401,-173.0
2820,93.97,751,572,-209.0
2836,94.5,822,706,-138.0
2868,95.57,941,207,-19.0
2883,96.07,1008,555,48.0
2901,96.67,989,314,29.0
2916,97.17,973,413,13.0
2954,98.43,844,385,-116.0
2997,99.87,875,234,-85.0
3015,100.47,943,433,-17.0
3043,101.4,1022,535,62.0
3058,101.9,1055,611,95.0
3088,102.9,997,315,37.0
3103,103.4,976,653,16.0
3132,104.37,926,487,-34.0
3154,105.1,837,278,-123.0
3195,106.47,962,607,2.0
3196,106.5,948,249,-12.0
3226,107.5,992,353,32.0
3253,108.4,934,368,-26.0
3289,109.6,788,353,-172.0
3320,110.63,742,257,-218.0
3353,111.73,878,128,-82.0
3369,112.27,955,558,-5.0
3399,113.27,968,453,8.0
3424,114.1,925,321,-35.0
3442,114.7,869,342,-91.0
3471,115.67,868,289,-92.0
3500,116.63,932,585,-28.0
3516,117.17,937,367,-23.0
3558,118.57,1009,300,49.0
3586,119.5,948,343,-12.0
3620,120.63,872,373,-88.0
3661,122.0,930,415,-30.0
3678,122.57,942,459,-18.0
3706,123.5,959,298,-1.0
3735,124.47,925,273,-35.0
3751,125.0,853,220,-107.0
3769,125.6,876,316,-84.0
3796,126.5,840,437,-120.0
3812,127.03,902,623,-58.0
3843,128.07,915,474,-45.0
3876,129.17,956,461,-4.0
3895,129.8,878,428,-82.0
3910,130.3,862,425,-98.0
3931,131.0,794,401,-166.0
3953,131.73,827,277,-133.0
3968,132.23,884,494,-76.0
3983,132.73,879,304,-81.0
4000,133.3,971,527,11.0
4020,133.97,1008,493,48.0
4048,134.9,912,403,-48.0
4068,135.57,941,408,-19.0
4095,136.47,829,314,-131.0
4112,137.03,823,455,-137.0
4127,137.53,827,517,-133.0
4142,138.03,839,237,-121.0
4158,138.57,866,211,-94.0
4186,139.5,1009,465,49.0
4201,140.0,1025,623,65.0
4216,140.5,997,461,37.0
4232,141.03,900,454,-60.0
4256,141.83,814,164,-146.0
4271,142.33,865,390,-95.0
4286,142.83,810,307,-150.0
4301,143.33,864,533,-96.0
4323,144.07,871,290,-89.0
4338,144.57,925,620,-35.0
4353,145.07,938,395,-22.0
4368,145.57,961,658,1.0
4383,146.07,951,687,-9.0
4407,146.87,880,370,-80.0
4423,147.4,823,599,-137.0
4439,147.93,772,189,-188.0
4474,149.1,786,246,-174.0
4491,149.67,835,154,-125.0
4506,150.17,907,663,-53.0
4525,150.8,817,230,-143.0
4546,151.5,911,650,-49.0
4571,152.33,722,223,-238.0
4586,152.83,660,416,-300.0
4607,153.53,695,301,-265.0
4622,154.03,775,376,-185.0
4658,155.23,869,399,-91.0
4673,155.73,948,522,-12.0
4697,156.53,986,401,26.0
4719,157.27,923,272,-37.0
4734,157.77,878,370,-82.0
4753,158.4,806,402,-154.0
4769,158.93,839,441,-121.0
4805,160.13,884,471,-76.0
4822,160.7,928,589,-32.0
4845,161.47,974,511,14.0
4865,162.13,970,472,10.0
4880,162.63,985,514,25.0
4930,164.3,825,486,-135.0
4945,164.8,815,382,-145.0
4960,165.3,832,645,-128.0
4977,165.87,847,283,-113.0
4997,166.53,943,569,-17.0
5025,167.47,997,141,37.0
5040,167.97,1026,159,66.0
5057,168.53,920,288,-40.0
5095,169.8,809,196,-151.0
5118,170.57,760,275,-200.0
5133,171.07,748,249,-212.0
5157,171.87,870,216,-90.0
5186,172.83,1035,554,75.0
5223,174.07,993,502,33.0
5242,174.7,925,378,-35.0
5260,175.3,837,412,-123.0
5286,176.17,815,335,-145.0
5301,176.67,803,224,-157.0
5317,177.2,883,651,-77.0
5332,177.7,922,339,-38.0
5349,178.27,989,628,29.0
5371,179.0,951,339,-9.0
5386,179.5,935,319,-25.0
5401,180.0,930,249,-30.0
5417,180.53,861,278,-99.0
5432,181.03,813,152,-147.0
5447,181.53,778,371,-182.0
5463,182.07,810,267,-150.0
5478,182.57,864,183,-96.0
5493,183.07,893,418,-67.0
5510,183.63,1001,243,41.0
5526,184.17,1023,368,63.0
5541,184.67,966,201,6.0
5557,185.2,955,421,-5.0
5571,185.67,932,842,-28.0
5591,186.33,870,509,-90.0
5610,186.97,826,486,-134.0
5625,187.47,899,532,-61.0
5642,188.03,896,508,-64.0
5657,188.53,953,726,-7.0
5672,189.03,991,533,31.0
5691,189.67,1098,415,138.0
5709,190.27,1098,268,138.0
5725,190.8,1042,580,82.0
5755,191.8,947,293,-13.0
5771,192.33,925,617,-35.0
5790,192.97,895,392,-65.0
5806,193.5,919,504,-41.0
5822,194.03,1050,249,90.0
5837,194.53,1101,363,141.0
5852,195.03,1140,515,180.0
5869,195.6,1183,350,223.0
5885,196.13,1160,255,200.0
5901,196.67,1089,448,129.0
5917,197.2,1065,420,105.0
5936,197.83,1041,483,81.0
5957,198.53,982,439,22.0
5972,199.03,1011,402,51.0
5987,199.53,1050,659,90.0
6002,200.03,1046,682,86.0
6017,200.53,1151,394,191.0
6032,201.03,1121,555,161.0
6054,201.77,1149,488,189.0
6069,202.27,1093,673,133.0
6087,202.87,1067,472,107.0
6102,203.37,1047,354,87.0
6120,203.97,994,361,34.0
6137,204.53,974,145,14.0
6152,205.03,977,844,17.0
6170,205.63,1062,641,102.0
6196,206.5,1159,515,199.0
6212,207.03,1190,344,230.0
6233,207.73,1142,533,182.0
6248,208.23,1110,432,150.0
6264,208.77,1058,151,98.0
6281,209.33,997,355,37.0
6299,209.93,999,571,39.0
6316,210.5,1038,503,78.0
6333,211.07,1082,565,122.0
6349,211.6,1120,382,160.0
6364,212.1,1104,635,144.0
6379,212.6,1092,754,132.0
6399,213.27,1103,370,143.0
6418,213.9,1026,603,66.0
6440,214.63,1024,375,64.0
6456,215.17,1001,482,41.0
6472,215.7,904,218,-56.0
6487,216.2,930,763,-30.0
6506,216.83,894,355,-66.0
6523,217.4,966,524,6.0
6538,217.9,968,750,8.0
6560,218.63,1067,607,107.0
6577,219.2,1057,311,97.0
6595,219.8,1027,555,67.0
6612,220.37,986,664,26.0
6642,221.37,903,343,-57.0
6657,221.87,925,538,-35.0
6705,223.47,951,416,-9.0
6725,224.13,1017,344,57.0
6743,224.73,1043,344,83.0
6777,225.87,971,531,11.0
6799,226.6,819,555,-141.0
6823,227.4,829,700,-131.0
6841,228.0,817,581,-143.0
6856,228.5,916,620,-44.0
6871,229.0,922,657,-38.0
6898,229.9,1066,267,106.0
6914,230.43,1063,525,103.0
6931,231.0,977,445,17.0
6946,231.5,963,643,3.0
6976,232.5,872,806,-88.0
6991,233.0,886,568,-74.0
7006,233.5,884,768,-76.0
7021,234.0,926,581,-34.0
7042,234.7,1065,350,105.0
7062,235.37,1142,510,182.0
7077,235.87,1179,350,219.0
7096,236.5,1146,333,186.0
7128,237.57,1016,227,56.0
7144,238.1,961,344,1.0
7159,238.6,946,386,-14.0
7176,239.17,956,533,-4.0
7200,239.97,1063,337,103.0
7224,240.77,1090,374,130.0
7240,241.3,1053,781,93.0
7279,242.6,955,389,-5.0
7295,243.13,941,354,-19.0
7319,243.93,893,311,-67.0
7334,244.43,873,200,-87.0
7351,245.0,854,249,-106.0
7368,245.57,887,376,-73.0
7383,246.07,931,599,-29.0
7402,246.7,955,382,-5.0
7417,247.2,988,263,28.0
7432,247.7,923,414,-37.0
7454,248.43,853,338,-107.0
7469,248.93,814,510,-146.0
7484,249.43,813,278,-147.0
7500,249.97,782,286,-178.0
7515,250.47,855,342,-105.0
7530,250.97,901,864,-59.0
7550,251.63,970,363,10.0
7565,252.13,972,519,12.0
7574,252.43,994,348,34.0
7595,253.13,1343,304,383.0
7610,253.63,1376,348,416.0
7625,254.13,1302,487,342.0
7642,254.7,1365,169,405.0
7650,254.97,1344,246,384.0
7669,255.6,1321,252,361.0
7684,256.1,1318,288,358.0
7699,256.6,1311,177,351.0
7717,257.2,1250,509,290.0
7733,257.73,1322,297,362.0
7748,258.23,1297,532,337.0
7763,258.73,1233,813,273.0
7778,259.23,1310,440,350.0
7794,259.77,1352,274,392.0
7823,260.73,1320,127,360.0
7838,261.23,1291,402,331.0
7864,262.1,1243,487,283.0
7884,262.77,1257,443,297.0
7901,263.33,1345,566,385.0
7918,263.9,528,674,-432.0
7933,264.4,1328,604,368.0
7954,265.1,1267,592,307.0
7969,265.6,1302,353,342.0
7984,266.1,1325,548,365.0
7999,266.6,1340,515,380.0
8000,266.63,370,352,-590.0
8015,267.13,1329,584,369.0
8016,267.17,401,320,-559.0
8032,267.7,1334,500,374.0
8047,268.2,1373,571,413.0
8062,268.7,1361,572,401.0
8077,269.2,1288,662,328.0
8092,269.7,1338,352,378.0
8109,270.27,1341,389,381.0
8128,270.9,1301,550,341.0
8143,271.4,1345,410,385.0
8158,271.9,1312,423,352.0
8159,271.93,455,527,-505.0
8174,272.43,1379,451,419.0
8190,272.97,1368,403,408.0
8206,273.5,1309,490,349.0
8221,274.0,1309,390,349.0
8236,274.5,1301,495,341.0
8254,275.1,1240,463,280.0
8269,275.6,1241,688,281.0
8284,276.1,1257,610,297.0
8299,276.6,1396,267,436.0
8314,277.1,1311,688,351.0
8315,277.13,360,565,-600.0
8338,277.9,1381,196,421.0
8355,278.47,1357,327,397.0
8379,279.27,1333,102,373.0
8398,279.9,1342,392,382.0
8415,280.47,1396,425,436.0
8432,281.03,1464,591,504.0
8448,281.57,1477,169,517.0
8449,281.6,338,451,-622.0
8467,282.2,1407,281,447.0
8483,282.73,384,245,-576.0
8484,282.77,1337,348,377.0
8507,283.53,1345,561,385.0
8510,283.63,1291,350,331.0
8534,284.43,1322,278,362.0
8551,285.0,1346,468,386.0
8566,285.5,1305,609,345.0
8582,286.03,297,277,-663.0
8585,286.13,1388,418,428.0
8600,286.63,1459,154,499.0
8601,286.67,274,320,-686.0
8616,287.17,1426,270,466.0
8617,287.2,280,565,-680.0
8632,287.7,1343,308,383.0
8634,287.77,257,355,-703.0
8651,288.33,1321,373,361.0
8653,288.4,351,445,-609.0
8668,288.9,1375,443,415.0
8669,288.93,364,558,-596.0
8684,289.43,1346,542,386.0
8700,289.97,426,437,-534.0
8722,290.7,395,430,-565.0
8723,290.73,1287,686,327.0
8738,291.23,1235,723,275.0
8739,291.27,435,530,-525.0
8761,292.0,420,470,-540.0
8765,292.13,1286,461,326.0
8782,292.7,1253,476,293.0
8790,292.97,1272,382,312.0
8806,293.5,1244,576,284.0
8824,294.1,1255,651,295.0
8839,294.6,1240,693,280.0
8855,295.13,1312,263,352.0
8870,295.63,1306,394,346.0
8888,296.23,1290,272,330.0
8903,296.73,1236,698,276.0
8921,297.33,1320,359,360.0
8938,297.9,1240,549,280.0
8954,298.43,1256,471,296.0
8969,298.93,1329,446,369.0
8995,299.8,1335,151,375.0
9010,300.3,1287,360,327.0
9028,300.9,265,136,-695.0
9029,300.93,1302,319,342.0
9046,301.5,1239,511,279.0
9061,302.0,1249,639,289.0
9076,302.5,1227,623,267.0
9091,303.0,1337,352,377.0
9106,303.5,1380,211,420.0
9121,304.0,1338,286,378.0
9136,304.5,1273,539,313.0
9151,305.0,1349,257,389.0
9171,305.67,1357,508,397.0
9193,306.4,1371,521,411.0
9194,306.43,299,628,-661.0
9209,306.93,1358,499,398.0
9210,306.97,236,330,-724.0
9231,307.67,1400,414,440.0
9246,308.17,1397,325,437.0
9270,308.97,1375,260,415.0
9287,309.53,386,464,-574.0
9288,309.57,1311,540,351.0
9306,310.17,1268,674,308.0
9307,310.2,444,589,-516.0
9322,310.7,1365,499,405.0
9330,310.97,1487,437,527.0
9345,311.47,271,381,-689.0
9360,311.97,1510,519,550.0
9381,312.67,1446,229,486.0
9382,312.7,266,483,-694.0
9397,313.2,376,471,-584.0
9422,314.03,1305,508,345.0
9438,314.57,1293,421,333.0
9453,315.07,1272,710,312.0
9454,315.1,284,306,-676.0
9469,315.6,353,479,-607.0
9484,316.1,1442,436,482.0
9486,316.17,322,368,-638.0
9505,316.8,385,423,-575.0
9509,316.93,1422,383,462.0
9526,317.5,417,548,-543.0
9527,317.53,1442,306,482.0
9542,318.03,1310,546,350.0
9543,318.07,406,200,-554.0
9558,318.57,1359,433,399.0
9580,319.3,1360,391,400.0
9581,319.33,281,167,-679.0
9596,319.83,1512,193,552.0
9611,320.33,1396,720,436.0
9626,320.83,1425,719,465.0
9641,321.33,333,347,-627.0
9656,321.83,1473,144,513.0
9657,321.87,442,381,-518.0
9672,322.37,479,361,-481.0
9689,322.93,1395,223,435.0
9710,323.63,1398,331,438.0
9725,324.13,1487,479,527.0
9743,324.73,1503,798,543.0
9760,325.3,1554,503,594.0
9775,325.8,1431,586,471.0
9790,326.3,1403,708,443.0
9805,326.8,1500,41,540.0
9806,326.83,336,347,-624.0
9821,327.33,1357,617,397.0
9839,327.93,1332,128,372.0
9854,328.43,1287,573,327.0
9875,329.13,1241,534,281.0
9894,329.77,1313,420,353.0
9914,330.43,1361,180,401.0
9929,330.93,1334,244,374.0
9931,331.0,316,568,-644.0
9948,331.57,1320,353,360.0
9951,331.67,328,514,-632.0
9967,332.2,321,501,-639.0
9969,332.27,1321,430,361.0
9984,332.77,1407,325,447.0
10000,333.3,1434,204,474.0
10015,333.8,1448,424,488.0
10024,334.1,1421,478,461.0
10026,334.17,337,782,-623.0
10053,335.07,1289,547,329.0
10068,335.57,1163,672,203.0
10083,336.07,1198,648,238.0
10084,336.1,320,517,-640.0
10099,336.6,1225,641,265.0
10100,336.63,319,459,-641.0
10115,337.13,1298,514,338.0
10142,338.03,1364,549,404.0
10160,338.63,1453,337,493.0
10175,339.13,1464,347,504.0
10191,339.67,1361,412,401.0
10224,340.77,1256,296,296.0
10242,341.37,1245,455,285.0
10262,342.03,366,418,-594.0
10267,342.2,1296,441,336.0
10282,342.7,1298,676,338.0
10300,343.3,1358,552,398.0
10317,343.87,1328,605,368.0
10349,344.93,1241,471,281.0
10366,345.5,1233,283,273.0
10395,346.47,1228,206,268.0
10416,347.17,1274,205,314.0
10436,347.83,1255,339,295.0
10451,348.33,1284,360,324.0
10475,349.13,1294,670,334.0
10490,349.63,1382,491,422.0
10494,349.77,1314,436,354.0
10521,350.67,1257,495,297.0
10551,351.67,1225,421,265.0
10573,352.4,1253,451,293.0
10593,353.07,1271,207,311.0
10608,353.57,1343,451,383.0
10609,353.6,293,557,-667.0
10629,354.27,1310,607,350.0
10644,354.77,1417,311,457.0
10664,355.43,1318,393,358.0
10680,355.97,388,519,-572.0
10697,356.53,323,363,-637.0
10720,357.3,1202,122,242.0
10738,357.9,1189,420,229.0
10755,358.47,1160,727,200.0
10770,358.97,1326,401,366.0
10785,359.47,1321,518,361.0
10806,360.17,1290,514,330.0
10824,360.77,1294,631,334.0
10842,361.37,1178,726,218.0
10860,361.97,1165,504,205.0
10876,362.5,1136,373,176.0
10905,363.47,1197,286,237.0
10920,363.97,1253,416,293.0
10921,364.0,288,529,-672.0
10938,364.57,279,176,-681.0
10939,364.6,1250,548,290.0
10962,365.37,1304,66,344.0
10977,365.87,316,260,-644.0
10993,366.4,1275,491,315.0
10995,366.47,237,460,-723.0
10996,366.5,1239,605,279.0
11001,366.67,220,431,-740.0
11016,367.17,1197,623,237.0
11031,367.67,1153,713,193.0
11046,368.17,240,676,-720.0
11047,368.2,1210,411,250.0
11066,368.83,1162,591,202.0
11087,369.53,1190,662,230.0
11104,370.1,1321,455,361.0
11120,370.63,307,402,-653.0
11121,370.67,1281,664,321.0
11136,371.17,282,283,-678.0
11138,371.23,1286,569,326.0
11153,371.73,273,570,-687.0
11185,372.8,1169,604,209.0
11210,373.63,1161,532,201.0
11229,374.27,345,397,-615.0
11250,374.97,1328,440,368.0
11268,375.57,338,683,-622.0
11285,376.13,1257,555,297.0
11317,377.2,1192,598,232.0
11332,377.7,1178,426,218.0
11361,378.67,1159,695,199.0
11397,379.87,1180,503,220.0
11412,380.37,1260,510,300.0
11441,381.33,1166,613,206.0
11442,381.37,276,470,-684.0
11460,381.97,1183,373,223.0
11495,383.13,1203,533,243.0
11496,383.17,237,530,-723.0
11516,383.83,1275,491,315.0
11536,384.5,1251,646,291.0
11552,385.03,1342,444,382.0
11581,386.0,1252,441,292.0
11625,387.47,1246,261,286.0
11645,388.13,1207,606,247.0
11660,388.63,1293,571,333.0
11662,388.7,405,588,-555.0
11677,389.2,317,360,-643.0
11678,389.23,1366,516,406.0
11693,389.73,333,428,-627.0
11705,390.13,1330,541,370.0
11721,390.67,352,638,-608.0
11742,391.37,1326,532,366.0
11773,392.4,1292,667,332.0
11774,392.43,343,432,-617.0
11795,393.13,1318,541,358.0
11796,393.17,425,558,-535.0
11824,394.1,1344,509,384.0
11825,394.13,483,441,-477.0
11840,394.63,1394,423,434.0
11855,395.13,1446,442,486.0
11870,395.63,1443,552,483.0
11885,396.13,1518,389,558.0
11901,396.67,1433,570,473.0
11929,397.6,358,482,-602.0
11951,398.33,1269,555,309.0
11976,399.17,1367,160,407.0
11977,399.2,423,299,-537.0
11993,399.73,1262,673,302.0
12012,400.37,1405,362,445.0
12028,400.9,348,533,-612.0
12044,401.43,1350,667,390.0
12066,402.17,1485,260,525.0
12085,402.8,1385,509,425.0
12108,403.57,1316,668,356.0
12123,404.07,353,412,-607.0
12140,404.63,419,509,-541.0
12155,405.13,1312,327,352.0
12173,405.73,369,354,-591.0
12188,406.23,1274,435,314.0
12206,406.83,1245,438,285.0
12224,407.43,1209,511,249.0
12239,407.93,1150,478,190.0
12261,408.67,1172,508,212.0
12276,409.17,1175,695,215.0
12299,409.93,1251,649,291.0
12314,410.43,1335,670,375.0
12336,411.17,1389,598,429.0
12339,411.27,508,652,-452.0
12357,411.87,1409,230,449.0
12387,412.87,376,251,-584.0
12405,413.47,1345,630,385.0
12421,414.0,402,620,-558.0
12436,414.5,370,381,-590.0
12456,415.17,1437,541,477.0
12478,415.9,1493,330,533.0
12496,416.5,1378,667,418.0
12514,417.1,396,431,-564.0
12531,417.67,282,291,-678.0
12532,417.7,1505,558,545.0
12548,418.23,1509,492,549.0
12566,418.83,213,432,-747.0
12581,419.33,1469,533,509.0
12597,419.87,307,516,-653.0
12615,420.47,363,609,-597.0
12641,421.33,1538,292,578.0
12656,421.83,448,417,-512.0
12672,422.37,1385,701,425.0
12693,423.07,1364,375,404.0
12717,423.87,332,474,-628.0
12734,424.43,324,594,-636.0
12756,425.17,1266,566,306.0
12783,426.07,1355,540,395.0
12784,426.1,410,682,-550.0
12801,426.67,1385,360,425.0
12816,427.17,295,374,-665.0
12831,427.67,1375,532,415.0
12847,428.2,1300,635,340.0
12879,429.27,1247,328,287.0
12897,429.87,1209,566,249.0
12919,430.6,302,671,-658.0
12938,431.23,1365,617,405.0
12957,431.87,1466,487,506.0
12972,432.37,1373,856,413.0
13008,433.57,477,596,-483.0
13027,434.2,1309,372,349.0
13064,435.43,1223,517,263.0
13085,436.13,1294,495,334.0
13103,436.73,1405,282,445.0
13124,437.43,1343,570,383.0
13145,438.13,1349,341,389.0
13160,438.63,415,521,-545.0
13187,439.53,1168,308,208.0
13219,440.6,1129,585,169.0
13235,441.13,1097,645,137.0
13253,441.73,1182,544,222.0
13271,442.33,1216,575,256.0
13289,442.93,1203,732,243.0
13306,443.5,323,441,-637.0
13328,444.23,347,547,-613.0
13349,444.93,239,334,-721.0
13370,445.63,1069,717,109.0
13385,446.13,1051,663,91.0
13401,446.67,1110,467,150.0
13443,448.07,1231,569,271.0
13459,448.6,320,288,-640.0
13475,449.13,411,745,-549.0
13490,449.63,284,503,-676.0
13508,450.23,1180,576,220.0
13548,451.57,1097,751,137.0
13566,452.17,261,412,-699.0
13583,452.73,1185,710,225.0
13598,453.23,1315,449,355.0
13614,453.77,251,485,-709.0
13630,454.3,1279,670,319.0
13648,454.9,1245,760,285.0
13670,455.63,1128,498,168.0
13685,456.13,1116,445,156.0
13702,456.7,1083,539,123.0
13732,457.7,351,782,-609.0
13748,458.23,1209,460,249.0
13770,458.97,401,712,-559.0
13805,460.13,1231,451,271.0
13820,460.63,1201,452,241.0
13821,460.67,310,564,-650.0
13837,461.2,259,380,-701.0
13856,461.83,1110,796,150.0
13878,462.57,1148,254,188.0
13893,463.07,1116,532,156.0
13910,463.63,1080,719,120.0
13954,465.1,1117,616,157.0
13970,465.63,414,504,-546.0
13991,466.33,454,683,-506.0
14007,466.87,1174,587,214.0
14024,467.43,1150,704,190.0
14049,468.27,414,725,-546.0
14075,469.13,1043,753,83.0
14105,470.13,447,756,-513.0
14135,471.13,1146,555,186.0
14150,471.63,1097,875,137.0
14169,472.27,317,609,-643.0
14195,473.13,1128,564,168.0
14210,473.63,1048,771,88.0
14225,474.13,1014,533,54.0
14246,474.83,1021,391,61.0
14264,475.43,843,216,-117.0
14280,475.97,845,667,-115.0
14297,476.53,847,553,-113.0
14312,477.03,831,726,-129.0
14327,477.53,801,655,-159.0
14345,478.13,603,506,-357.0
14360,478.63,559,647,-401.0
14375,479.13,446,561,-514.0
14390,479.63,318,211,-642.0
14405,480.13,1255,459,295.0
14420,480.63,370,609,-590.0
14442,481.37,343,659,-617.0
14458,481.9,1067,707,107.0
14482,482.7,1045,576,85.0
14511,483.67,1040,538,80.0
14543,484.73,960,340,0.0
14570,485.63,872,410,-88.0
14595,486.47,823,681,-137.0
14613,487.07,809,671,-151.0
14633,487.73,872,511,-88.0
14653,488.4,837,406,-123.0
14669,488.93,832,645,-128.0
14686,489.5,834,441,-126.0
14701,490.0,829,541,-131.0
14733,491.07,833,422,-127.0
14776,492.5,914,537,-46.0
14804,493.43,931,402,-29.0
14819,493.93,1001,487,41.0
14858,495.23,825,426,-135.0
14873,495.73,846,460,-114.0
14888,496.23,804,270,-156.0
14923,497.4,915,381,-45.0
14940,497.97,937,755,-23.0
14964,498.77,983,606,23.0
14998,499.9,966,513,6.0
15013,500.4,954,617,-6.0
15021,500.67,933,467,-27.0
15056,501.83,905,346,-55.0
15075,502.47,926,485,-34.0
15095,503.13,993,611,33.0
15119,503.93,1075,631,115.0
15133,504.4,1053,510,93.0
15154,505.1,1039,619,79.0
15169,505.6,975,677,15.0
15187,506.2,928,501,-32.0
15208,506.9,866,473,-94.0
15226,507.5,889,303,-71.0
15245,508.13,912,497,-48.0
15286,509.5,1065,611,105.0
15315,510.47,1048,467,88.0
15348,511.57,974,416,14.0
15374,512.43,922,387,-38.0
15390,512.97,961,564,1.0
15424,514.1,965,383,5.0
15441,514.67,971,637,11.0
15458,515.23,1010,313,50.0
15473,515.73,987,445,27.0
15492,516.37,1035,603,75.0
15514,517.1,1065,677,105.0
15537,517.87,1054,297,94.0
15558,518.57,1058,491,98.0
15573,519.07,1008,649,48.0
15588,519.57,1036,598,76.0
15604,520.1,1036,764,76.0
15637,521.2,1107,518,147.0
15659,521.93,1093,564,133.0
15679,522.6,1068,726,108.0
15707,523.53,1044,335,84.0
15731,524.33,1012,426,52.0
15763,525.4,1075,540,115.0
15781,526.0,1059,484,99.0
15799,526.6,1080,542,120.0
15814,527.1,1064,546,104.0
15829,527.6,1036,666,76.0
15851,528.33,1082,439,122.0
15874,529.1,1124,118,164.0
15915,530.47,1048,712,88.0
15932,531.03,1024,449,64.0
15947,531.53,1001,853,41.0
15964,532.1,1016,633,56.0
15981,532.67,996,511,36.0
16005,533.47,1030,508,70.0
16013,533.73,1052,468,92.0
16030,534.3,1065,373,105.0
16056,535.17,1094,361,134.0
16082,536.03,1065,525,105.0
16097,536.53,1021,713,61.0
16129,537.6,1035,732,75.0
16145,538.13,1046,399,86.0
16176,539.17,1078,461,118.0
16213,540.4,1032,562,72.0
16236,541.17,1053,537,93.0
16260,541.97,1078,483,118.0
16277,542.53,1044,475,84.0
16306,543.5,1007,435,47.0
16327,544.2,1065,781,105.0
16354,545.1,1058,488,98.0
16369,545.6,1090,374,130.0
16394,546.43,1072,566,112.0
16413,547.07,1054,524,94.0
16429,547.6,1060,719,100.0
16449,548.27,1075,648,115.0
16472,549.03,1090,690,130.0
16493,549.73,1073,544,113.0
16517,550.53,1047,499,87.0
16534,551.1,1016,744,56.0
16549,551.6,972,638,12.0
16574,552.43,968,678,8.0
16596,553.17,1004,556,44.0
16626,554.17,1135,521,175.0
16645,554.8,1162,713,202.0
16665,555.47,1148,566,188.0
16688,556.23,1059,696,99.0
16720,557.3,1046,509,86.0
16743,558.07,1022,375,62.0
16758,558.57,1050,598,90.0
16773,559.07,1080,328,120.0
16790,559.63,1080,546,120.0
16817,560.53,1093,595,133.0
16835,561.13,1057,534,97.0
16859,561.93,1040,631,80.0
16878,562.57,1016,474,56.0
16895,563.13,1017,492,57.0
16923,564.07,1043,564,83.0
16941,564.67,1046,637,86.0
16961,565.33,1101,415,141.0
16982,566.03,1062,488,102.0
16998,566.57,1048,501,88.0
17025,567.47,1015,428,55.0
17041,568.0,940,434,-20.0
17073,569.07,836,590,-124.0
17088,569.57,803,619,-157.0
17103,570.07,832,792,-128.0
17121,570.67,891,448,-69.0
17137,571.2,912,508,-48.0
17163,572.07,978,639,18.0
17178,572.57,952,442,-8.0
17193,573.07,904,559,-56.0
17212,573.7,858,466,-102.0
17229,574.27,836,418,-124.0
17248,574.9,864,504,-96.0
17264,575.43,912,711,-48.0
17281,576.0,916,578,-44.0
17298,576.57,987,480,27.0
17313,577.07,982,389,22.0
17341,578.0,967,577,7.0
17362,578.7,914,471,-46.0
17378,579.23,843,427,-117.0
17404,580.1,807,179,-153.0
17419,580.6,811,378,-149.0
17439,581.27,832,582,-128.0
17460,581.97,944,662,-16.0
17476,582.5,982,573,22.0
17492,583.03,1029,594,69.0
17523,584.07,1029,628,69.0
17553,585.07,993,623,33.0
17579,585.93,969,528,9.0
17598,586.57,985,458,25.0
17628,587.57,1032,478,72.0
17643,588.07,1038,825,78.0
17658,588.57,1079,902,119.0
17673,589.07,1185,887,225.0
17688,589.57,1192,542,232.0
17709,590.27,1119,666,159.0
17736,591.17,1083,774,123.0
17773,592.4,1024,327,64.0
17791,593.0,1008,635,48.0
17815,593.8,1116,531,156.0
17831,594.33,1117,573,157.0
17866,595.5,1146,592,186.0
17895,596.47,1048,462,88.0
17913,597.07,987,692,27.0
17928,597.57,988,528,28.0
17958,598.57,983,558,23.0
17973,599.07,1001,492,41.0
17988,599.57,1107,670,147.0
18003,600.07,1117,501,157.0
18018,600.57,1107,784,147.0
18033,601.07,1179,547,219.0
18054,601.77,1114,709,154.0
18078,602.57,1036,605,76.0
18093,603.07,1022,473,62.0
18128,604.23,1075,488,115.0
18150,604.97,1068,759,108.0
18165,605.47,1088,756,128.0
18182,606.03,1114,681,154.0
18213,607.07,1086,634,126.0
18228,607.57,1047,934,87.0
18252,608.37,1004,591,44.0
18273,609.07,897,492,-63.0
18306,610.17,919,546,-41.0
18322,610.7,922,685,-38.0
18347,611.53,995,592,35.0
18362,612.03,1028,787,68.0
18377,612.53,1046,548,86.0
18392,613.03,1036,552,76.0
18407,613.53,1026,733,66.0
18428,614.23,952,660,-8.0
18446,614.83,933,748,-27.0
18480,615.97,901,585,-59.0
18512,617.03,947,656,-13.0
18539,617.93,979,475,19.0
18557,618.53,989,614,29.0
18593,619.73,910,583,-50.0
18608,620.23,871,677,-89.0
18623,620.73,818,753,-142.0
18641,621.33,774,376,-186.0
18662,622.03,779,182,-181.0
18677,622.53,876,589,-84.0
18694,623.1,891,494,-69.0
18709,623.6,922,206,-38.0
18734,624.43,905,439,-55.0
18749,624.93,891,574,-69.0
18764,625.43,802,156,-158.0
18792,626.37,753,747,-207.0
18807,626.87,738,746,-222.0
18840,627.97,1531,712,571.0
18856,628.5,757,569,-203.0
18872,629.03,830,442,-130.0
18887,629.53,930,574,-30.0
18913,630.4,993,469,33.0
18932,631.03,922,415,-38.0
18947,631.53,893,558,-67.0
18975,632.47,840,326,-120.0
18996,633.17,921,566,-39.0
19020,633.97,1014,398,54.0
19031,634.33,1025,423,65.0
19046,634.83,1074,384,114.0
19067,635.53,1033,395,73.0
19093,636.4,933,466,-27.0
19124,637.43,909,718,-51.0
19150,638.3,918,456,-42.0
19181,639.33,1039,449,79.0
19211,640.33,1119,419,159.0
19241,641.33,1108,559,148.0
19256,641.83,1061,692,101.0
19271,642.33,1058,501,98.0
19298,643.23,996,403,36.0
19321,644.0,1024,346,64.0
19337,644.53,1028,749,68.0
19352,645.03,1036,624,76.0
19391,646.33,1090,620,130.0
19415,647.13,1050,213,90.0
19444,648.1,1005,342,45.0
19472,649.03,974,645,14.0
19496,649.83,968,813,8.0
19514,650.43,947,625,-13.0
19546,651.5,976,416,16.0
19562,652.03,1048,504,88.0
19577,652.53,1054,524,94.0
19592,653.03,1039,757,79.0
19622,654.03,994,816,34.0
19637,654.53,945,664,-15.0
19652,655.03,905,684,-55.0
19667,655.53,843,623,-117.0
19682,656.03,808,790,-152.0
19697,656.53,776,637,-184.0
19712,657.03,826,707,-134.0
19741,658.0,858,487,-102.0
19772,659.03,1001,402,41.0
19787,659.53,1015,840,55.0
19802,660.03,1014,790,54.0
19817,660.53,960,101,0.0
19832,661.03,972,812,12.0
19847,661.53,931,713,-29.0
19862,662.03,916,692,-44.0
19877,662.53,933,567,-27.0
19892,663.03,940,511,-20.0
19907,663.53,978,702,18.0
19922,664.03,997,725,37.0
19937,664.53,1015,390,55.0
19952,665.03,1026,706,66.0
19967,665.53,1010,445,50.0
19997,666.53,934,260,-26.0
20012,667.03,967,313,7.0
20027,667.53,929,660,-31.0
20042,668.03,946,229,-14.0
20065,668.8,967,411,7.0
20107,670.2,993,689,33.0
20122,670.7,973,392,13.0
20143,671.4,959,458,-1.0
20161,672.0,888,504,-72.0
20176,672.5,795,505,-165.0
20191,673.0,829,519,-131.0
20213,673.73,882,567,-78.0
20221,674.0,945,802,-15.0
20236,674.5,1005,687,45.0
20273,675.73,1057,389,97.0
20292,676.37,1007,444,47.0
20309,676.93,989,334,29.0
20328,677.57,952,340,-8.0
20356,678.5,926,532,-34.0
20386,679.5,952,453,-8.0
20401,680.0,979,830,19.0
20450,681.63,1071,523,111.0
20474,682.43,1072,673,112.0
20489,682.93,1030,875,70.0
20506,683.5,1002,685,42.0
20521,684.0,978,895,18.0
20536,684.5,931,859,-29.0
20551,685.0,862,754,-98.0
20566,685.5,888,742,-72.0
20596,686.5,979,313,19.0
20611,687.0,1002,841,42.0
20626,687.5,1037,814,77.0
20641,688.0,1053,533,93.0
20656,688.5,1128,70,168.0
20671,689.0,1073,614,113.0
20686,689.5,1021,825,61.0
20701,690.0,1004,702,44.0
20727,690.87,987,676,27.0
20731,691.0,957,663,-3.0
20746,691.5,982,437,22.0
